[
  {
    "area": "东海南部",
    "labx": "13608807.56",
    "laby": "3189647.23",
    "color": "#FFFF00",
    "pt": [
      {
        "x": "13636637.62",
        "y": "3503549.84"
      },
      {
        "x": "13525318.13",
        "y": "3248973.79"
      },
      {
        "x": "13692297.37",
        "y": "2875744.62"
      },
      {
        "x": "13914936.35",
        "y": "2999080.94"
      }
    ]
  },
  {
    "area": "钓鱼岛",
    "labx": "13803616.86",
    "laby": "2968442.83",
    "color": "#FF0000",
    "pt": [
      {
        "x": "13692297.37",
        "y": "2875744.62"
      },
      {
        "x": "13692297.37",
        "y": "3061141.04"
      },
      {
        "x": "13914936.35",
        "y": "3061141.04"
      },
      {
        "x": "13914936.35",
        "y": "2875744.62"
      }
    ]
  },
  {
    "area": "黄岩岛",
    "labx": "13107870.041",
    "laby": "1718183.116",
    "color": "#FFFF00",
    "pt": [
      {
        "x": "13024380.423",
        "y": "1631643.467"
      },
      {
        "x": "13024380.423",
        "y": "1804722.766"
      },
      {
        "x": "13191359.659",
        "y": "1804722.766"
      },
      {
        "x": "13191359.659",
        "y": "1631643.467"
      }
    ]
  },
  {
    "area": "南沙",
    "labx": "12579102.46",
    "laby": "1062455.515",
    "color": "#FFFF00",
    "pt": [
      {
        "x": "12467782.97",
        "y": "1006021.06"
      },
      {
        "x": "12467782.97",
        "y": "1118889.97"
      },
      {
        "x": "12690421.95",
        "y": "1118889.97"
      },
      {
        "x": "12690421.95",
        "y": "1006021.06"
      }
    ]
  },
  {
    "area": "西沙",
    "labx": "12495612.84",
    "laby": "1862999.03",
    "color": "#FFFF00",
    "pt": [
      {
        "x": "12412123.22",
        "y": "1746891.56"
      },
      {
        "x": "12412123.22",
        "y": "1979106.5"
      },
      {
        "x": "12579102.46",
        "y": "1979106.5"
      },
      {
        "x": "12579102.46",
        "y": "1746891.56"
      }
    ]
  },
  {
    "area": "曾母暗沙",
    "labx": "12467782.97",
    "laby": "445708.215",
    "color": "#FFFF00",
    "pt": [
      {
        "x": "12356463.48",
        "y": "334111.17"
      },
      {
        "x": "12356463.48",
        "y": "557305.26"
      },
      {
        "x": "12579102.46",
        "y": "557305.26"
      },
      {
        "x": "12579102.46",
        "y": "334111.17"
      }
    ]
  },
  {
    "area": "仁爱礁",
    "labx": "12905231.06",
    "laby": "1090736.835",
    "color": "#FFFF00",
    "pt": [
      {
        "x": "12801741.44",
        "y": "1006021.06"
      },
      {
        "x": "12801741.44",
        "y": "1175452.61"
      },
      {
        "x": "12968720.68",
        "y": "1175452.61"
      },
      {
        "x": "12968720.68",
        "y": "1006021.06"
      }
    ]
  }
]
